{
    "Logistic_Regression": {
        "mean": 0.9972040747818003,
        "std": 0.0021683142090685543,
        "scores": [
            0.9963235294117647,
            0.9993512110726644,
            0.9997837370242215,
            0.9967076382791923,
            0.9938542581211589
        ]
    },
    "Random_Forest": {
        "mean": 1.0,
        "std": 0.0,
        "scores": [
            1.0,
            1.0,
            1.0,
            1.0,
            1.0
        ]
    },
    "XGBoost": {
        "mean": 1.0,
        "std": 4.965068306494546e-17,
        "scores": [
            1.0,
            1.0,
            0.9999999999999999,
            1.0,
            1.0
        ]
    },
    "LightGBM": {
        "mean": 1.0,
        "std": 0.0,
        "scores": [
            1.0,
            1.0,
            1.0,
            1.0,
            1.0
        ]
    }
}