{
    "auc_roc": 0.9979358228560705,
    "auc_pr": 0.9981262585672876,
    "precision": 0.9861111111111112,
    "recall": 0.9726027397260274,
    "f1": 0.9793103448275862,
    "brier_score": 0.016294280196500446,
    "precision_at_5pct": 1.0,
    "precision_at_10pct": 1.0,
    "confusion_matrix": {
        "tn": 72,
        "fp": 1,
        "fn": 2,
        "tp": 71
    },
    "sensitivity": 0.9726027397260274,
    "specificity": 0.9863013698630136,
    "ppv": 0.9861111111111112,
    "npv": 0.972972972972973
}